{
	"parameters": {
		"text_panel": {
			"size": [
				"95%",
				"25%"
			],
			"color": "#efefff",
			"color_text": "#000",
			"indent_text": "8px",
			"indent_bottom": "32px",
			"size_text": "20px",
			"style": "border-radius:16px;",
			"dialog_speed": "10",
			"art": {
				"en": ""
			},
			"className": "",
			"position": [
				"0",
				"0",
				"0"
			],
			"font_family": "Arial"
		},
		"name_panel": {
			"size": [
				"222px",
				"48px"
			],
			"position": [
				"0",
				"0",
				"-48px",
				"0"
			],
			"indent_text": "8px",
			"size_text": "18px",
			"color_text": "#000",
			"align": [
				"flex-start",
				"center"
			],
			"art": {
				"en": ""
			},
			"className": "",
			"font_family": "",
			"color": ""
		},
		"title": "new novel",
		"launch_story": "block_1",
		"key": {},
		"languares": [
			"en"
		],
		"buttons": [
			{
				"name": "tue_back",
				"style": "border-radius:26px;",
				"position": [
					"2.5%",
					"0",
					"0",
					"32px"
				],
				"size": [
					"38px",
					"38px"
				],
				"color": "",
				"color_text": "#000",
				"size_text": "28px",
				"text": {
					"en": "<"
				},
				"art": {
					"en": ""
				},
				"sound": {
					"en": ""
				},
				"hotspot": [
					"0%",
					"0%"
				]
			},
			{
				"name": "tue_next",
				"style": "border-radius:26px;",
				"position": [
					"0",
					"2.5%",
					"0",
					"32px"
				],
				"size": [
					"38px",
					"38px"
				],
				"color": "",
				"color_text": "#000",
				"size_text": "28px",
				"text": {
					"en": ">"
				},
				"art": {
					"en": ""
				},
				"sound": {
					"en": ""
				},
				"hotspot": [
					"0%",
					"0%"
				]
			}
		],
		"style_file": "style.css",
		"autosave": false,
		"font": "Arial",
		"font_size": "18px",
		"variables": {},
		"sounds": {},
		"characters": {},
		"plugins": [],
		"icon": "",
		"font_files": {}
	},
	"blocks": {
		"block_1": [
			"588px",
			"381px",
			"block",
			false
		]
	},
	"block_1": [
		{
			"dialogs": [
				{
					"choice": [
						{
							"go_to": "tue_no",
							"position": [
								"50%",
								"0",
								"50%",
								"0"
							],
							"size": [
								0,
								null
							],
							"color": "#efefff",
							"color_text": "#000",
							"text": {
								"en": "button"
							},
							"indent_text": "8px",
							"art": {
								"en": ""
							},
							"sound": {
								"en": ""
							},
							"hotspot": [
								"-50%",
								"-50%"
							],
							"className": "animation"
						}
					]
				}
			]
		}
	]
}
