{"parameters":{"text_panel":{"size":["95%","25%"],"color_text":"#eecfb5","indent_text":"20px 8px 8px 8px","indent_bottom":"32px","size_text":"20px","style":"border: 3px solid #c29e84;border-radius:16px;backdrop-filter:blur(8px);","dialog_speed":"10","art":{"en":""},"className":"","position":["0","0","0"],"font_family":"Arial","color":"rgba(145,107,84,0.8)"},"name_panel":{"size":["222px","48px"],"position":["0","0","-48px","0"],"size_text":"18px","color_text":"#000","art":{"en":""},"indent_text":0,"className":"","font_family":"","color":""},"title":{"en":"hidden objects test"},"launch_story":"block_1","key":{"next":"","back":"","save":"","load":"","full_screen":"","launch_story":"","load_autosave":""},"languares":["en"],"buttons":[{"name":"tue_back","style":"border-radius:26px;","position":["2.5%","0","0","32px"],"size":["38px","38px"],"color":"","color_text":"#eecfb5","size_text":"28px","text":"<","art":{"en":""},"sound":{"en":""},"hotspot":["0%","0%"]},{"name":"tue_next","style":"border-radius:26px;","position":["0","2.5%","0","32px"],"size":["38px","38px"],"color":"","color_text":"#eecfb5","size_text":"28px","text":">","art":{"en":""},"sound":{"en":""},"hotspot":["0%","0%"]}],"style_file":"","autosave":true,"font":"Arial","font_size":"18px","plugins":["hidden_objects"],"hidden_objects":{"label":{"tip":"art","size":["20%","90%"],"items":"5","art_size":["90%","auto"],"fit":"contain","art_align":"center bottom"},"label_find":{"del":true}},"variables":{},"characters":{}},"blocks":{"block_1":["57px","93.5px","block",""]},"block_1":[{"hidden_objects":{"color":"#fff","fit":"contain","objects":[{"position":[803,400],"size":[66,140],"art":"char_9.png","fit":"contain","name":""},{"position":[321,591],"size":[64,137],"art":"char_8.png","fit":"contain","name":""},{"position":[186,484],"size":[79,133],"art":"char_6.png","fit":"contain","name":""},{"position":[441,619],"size":[81,145],"art":"char_7.png","fit":"contain","name":""},{"position":[488,445],"size":[54,145],"art":"char_5.png","fit":"contain","name":""},{"position":[52,444],"size":[54,147],"art":"char_10.png","fit":"contain","name":""},{"position":[473,141],"size":[96,124],"art":"char_1.png","fit":"contain","name":""},{"position":[645,-2],"size":[70,134],"art":"char_3.png","fit":"contain","name":""},{"position":[693,487],"size":[70,144],"art":"char_2.png","fit":"contain","name":""},{"position":[993,317],"size":[58,133],"art":"char_4.png","fit":"contain","name":""},{"position":[609,402],"size":[54,137],"art":"char_0.png","fit":"contain","name":""}],"art":"room.jpg","size":[1110,1110],"go_to":"tue_go"}},{"background_image":"room.jpg","dialogs":[{"text":"congratulations! try again?","choice":[{"go_to":"block_1","position":["50%",0,"38%",0],"size":["128px","48px"],"color":"rgba(145,107,84,0.7)","color_text":"#eecfb5","text":{"en":"Restart"},"art":{"en":""},"sound":{"en":""},"hotspot":["-50%","-50%"],"style":"border: 3px solid #c29e84;border-radius:16px;backdrop-filter:blur(8px);"}],"controll":"hidden"}]}]}