{
	"parameters": {
		"text_panel": {
			"size": [
				"95%",
				"25%"
			],
			"color": "#efefff",
			"color_text": "#000",
			"indent_text": "8px",
			"indent_bottom": "32px",
			"size_text": "20px",
			"style": "border-radius:16px;",
			"dialog_speed": "10",
			"art": {
				"en": ""
			},
			"className": "",
			"position": [
				"0",
				"0",
				"0"
			],
			"font_family": "Arial"
		},
		"name_panel": {
			"size": [
				"222px",
				"48px"
			],
			"position": [
				"0",
				"0",
				"-48px",
				"0"
			],
			"indent_text": "8px",
			"size_text": "18px",
			"color_text": "#000",
			"align": [
				"flex-start",
				"center"
			]
		},
		"title": "new novel",
		"launch_story": "block_1",
		"languares": [
			"en"
		],
		"buttons": [
			{
				"name": "tue_back",
				"style": "border-radius:26px;",
				"position": [
					"2.5%",
					"0",
					"0",
					"32px"
				],
				"size": [
					"38px",
					"38px"
				],
				"color_text": "#000",
				"size_text": "28px",
				"text": {
					"en": "<"
				}
			},
			{
				"name": "tue_next",
				"style": "border-radius:26px;",
				"position": [
					"0",
					"2.5%",
					"0",
					"32px"
				],
				"size": [
					"38px",
					"38px"
				],
				"color_text": "#000",
				"size_text": "28px",
				"text": {
					"en": ">"
				}
			}
		],
		"autosave": false,
		"font": "Arial",
		"font_size": "18px",
		"css": ".anim{\n  animation: moveX 1s steps(13) infinite;\n}\n@keyframes moveX{\n  from{background-position-x:0px;}\n  to{background-position-x:-2600px;}\n}\n"
	},
	"blocks": {
		"block_1": [
			"91px",
			"87.5px",
			"block",
			false
		]
	},
	"block_1": [
		{
			"dialogs": [
				{
					"choice": [
						{
							"go_to": "none",
							"position": [
								"36.12%",
								0,
								"19.08%",
								0
							],
							"size": [
								"200px",
								"247px"
							],
							"art": {
								"en": "dance.png"
							},
							"className": "anim",
							"art_align": [
								"left",
								"center"
							]
						}
					]
				}
			]
		}
	]
}
