{"parameters":{"text_panel":{"size":["95%","25%"],"position":[],"color":"rgba(242,242,242,0.7)","style":"border-radius:8px;backdrop-filter: blur(12px);","color_text":"#000","indent_text":"8px","indent_bottom":"32px","dialog_speed":"10","art":{"en":""}},"name_panel":{"size":["","32px"],"position":["0","0","-36px","0"],"style":"border-radius:8px;","indent_text":"0 8px","color_text":"#fff","align":["flex-start","center"],"color":"#000","art":{"en":""}},"title":"new novel","launch_story":"block_1","key":{},"languares":["en"],"buttons":[{"name":"tue_back","position":["2.5%",0,0,"32px"],"size":["25%","25%"],"color_text":"#000","size_text":"28px","text":{"en":"<"},"hotspot":["0%","0%"],"align":["flex-start","flex-end"],"indent_text":"8px 14px","art":{"en":""},"sound":{"en":""}},{"name":"tue_next","position":[0,"2.5%",0,"32px"],"size":["25%","25%"],"color_text":"#000","size_text":"28px","text":{"en":">"},"hotspot":["0%","0%"],"align":["flex-end","flex-end"],"indent_text":"8px 14px","art":{"en":""},"sound":{"en":""}}],"autosave":false,"font":"Arial","font_size":"18px","variables":{},"characters":{},"plugins":["calc.js"],"style_file":"","icon":"","font_files":{},"sounds":{}},"blocks":{"block_1":["160px","106.5px","block",false]},"block_1":[{"dialogs":[{"choice":[{"go_to":"block_1","position":["37.72%",0,"-15.73%",0],"size":["113px","45px"],"color":"rgba(242,242,242,0.7)","color_text":"#000","text":{"en":"choice"},"indent_text":"8px","art":{"en":""},"sound":{"en":""},"hotspot":["0%","0%"],"js":""},{"go_to":"tue_no","position":["36.65%",0,"49.78%",0],"size":["113px","45px"],"color":"rgba(242,242,242,0.7)","color_text":"#000","text":{"en":"2 + 2 * 2 = ?"},"indent_text":"8px","art":{"en":""},"sound":{"en":""},"hotspot":["0%","0%"],"js":"calculation_check(this) "},{"go_to":"tue_no","position":["17.58%",0,"21.11%",0],"size":["113px","45px"],"color":"rgba(242,242,242,0.7)","color_text":"#000","text":{"en":"2+8=?"},"indent_text":"8px","art":{"en":""},"sound":{"en":""},"hotspot":["0%","0%"],"js":"calculation_check(this) "},{"go_to":"tue_no","position":[0,"32.35%","20.11%",0],"size":["113px","45px"],"color":"rgba(242,242,242,0.7)","color_text":"#000","text":{"en":"2+2"},"indent_text":"8px","art":{"en":""},"sound":{"en":""},"hotspot":["0%","0%"],"js":"calculation_check(this) "}],"text":{"en":""}},{"text":"Congratulations!!!"}]}]}