{"parameters":{"text_panel":{"size":["95%","25%"],"color":"#efefff","color_text":"#000","indent_text":"8px","indent_bottom":"32px","size_text":"20px","style":"border-radius:16px;","dialog_speed":"10","art":{"en":""},"className":"","position":["0","0","0"],"font_family":"Arial"},"name_panel":{"size":["222px","48px"],"position":["0","0","-48px","0"],"size_text":"18px","color_text":"#000","art":{"en":""},"indent_text":0,"className":"","font_family":"","color":""},"title":"new novel","launch_story":"start","key":{},"languares":["en"],"buttons":[{"name":"tue_back","style":"border-radius:26px;","position":["2.5%","0","0","32px"],"size":["38px","38px"],"color":"","color_text":"#000","size_text":"28px","text":"<","art":{"en":""},"sound":{"en":""},"hotspot":["0%","0%"]},{"name":"tue_next","style":"border-radius:26px;","position":["0","2.5%","0","32px"],"size":["38px","38px"],"color":"","color_text":"#000","size_text":"28px","text":">","art":{"en":""},"sound":{"en":""},"hotspot":["0%","0%"]}],"style_file":"","autosave":true,"font":"Arial","font_size":"18px","variables":{"time":608964,"days":0,"hours":0,"minutes":0,"seconds":0},"sounds":{},"characters":{},"plugins":[],"icon":"","font_files":{}},"blocks":{"block_1":["451px","279px","block",""],"start":["52px","80px","block",""],"Game_over":["818px","344px","block",""]},"block_1":[{"legacy_choice":[["time","<",1,"Game_over"],{"go_to":"tue_go"}]},{"background_image":{"en":""},"dialogs":[{"js":"var z = story_json.parameters.variables //array address with variables\n\nz.seconds = z.time\nz.minutes = Math.floor(z.seconds/60);\nz.hours = Math.floor(z.minutes/60);\nz.days = Math.floor(z.hours/24);\nz.hours = z.hours-(z.days*24);\nz.minutes = z.minutes-(z.days*24*60)-(z.hours*60);\nz.seconds = z.seconds-(z.days*24*60*60)-(z.hours*60*60)-(z.minutes*60);\n","timer":[200,"tue_go"]},{"text":"Days: <days> Hours: <hours> Minutes: <minutes> Seconds: <seconds>","choice":[{"go_to":"block_1","position":["25%","0","25%","0"],"size":["200px","64px"],"color":"#efefff","color_text":"#000","text":{"en":"- 1 day"},"art":{"en":""},"sound":{"en":""},"hotspot":["-50%","-50%"],"variables":[["time","add",-86400]]},{"go_to":"block_1","position":["0","25%","25%","0"],"size":["200px","64px"],"color":"#efefff","color_text":"#000","text":{"en":"- 2 hours"},"art":{"en":""},"sound":{"en":""},"hotspot":["50%","-50%"],"variables":[["time","add",-7200]]}]}]}],"start":[{"background_image":{"en":""},"dialogs":[{"choice":[{"go_to":"block_1","position":["50%",0,"50%",0],"size":["213px","66px"],"color":"#efefff","color_text":"#000","text":{"en":"Get time in seconds"},"art":{"en":""},"sound":{"en":""},"hotspot":["-50%","-50%"],"js":""}],"text":"Game time 604864 seconds"}]}],"Game_over":[{"background_image":{"en":""},"dialogs":[{"choice":[{"go_to":"start","position":["50%",0,"50%",0],"size":["213px","66px"],"color":"#efefff","color_text":"#000","text":{"en":"Get time in seconds"},"art":{"en":""},"sound":{"en":""},"hotspot":["-50%","-50%"],"js":"","variables":[["time","set",604864]]}],"text":"time is over"}]}]}