{"parameters":{"text_panel":{"size":["95%","25%"],"color":"#dfc0a5","indent_text":"16px","indent_bottom":"32px","size_text":"20px","style":"border-radius:16px;","dialog_speed":"20","position":["0","0","0",0],"art":{"en":""}},"name_panel":{"size":["0","48px"],"position":["16px","0","-48px","0"],"size_text":"20px","indent_text":0,"art":{"en":""}},"title":"My story","launch_story":"start","key":{"next":"","back":"","save":"","load":"","full_screen":"","launch_story":"","load_autosave":""},"languares":["en"],"buttons":[{"name":"tue_back","style":"border-radius:26px;","position":["2.25%",0,0,"4.95%"],"size":["52px","52px"],"color":"","size_text":"44px","text":{"en":"<","ja":"<","ru":"<"},"art":{"en":{},"ja":{},"ru":{}},"sound":{"en":""}},{"name":"tue_next","style":"border-radius:26px;","position":[0,"2.33%",0,"4.58%"],"size":["52px","52px"],"color":"","size_text":"44px","text":{"en":">","ja":">","ru":">"},"art":{"en":{},"ja":{},"ru":{}},"sound":{"en":""}}],"style_file":"","autosave":false,"font":"Arial","font_size":"18px","variables":{},"sounds":{},"plugins":[],"icon":"","font_files":{},"characters":{}},"blocks":{"nbvjhf":["458px","167px","block",""],"start":["75px","98px","block",""],"wasteland":["483px","513px","block",""]},"start":[{"background_image":{"en":"cover_2.jpg","ja":{},"ru":{}},"dialogs":[{"choice":[{"go_to":"tue_go","position":["50%",0,"50%",0],"size":["123px","66px"],"color":"#c1a285","color_text":"#ffffff","text":{"en":"Start","ja":"button","ru":"button"},"art":{"en":{},"ja":{},"ru":{}},"art_size":["",""],"style":"border-radius:16px;","sound":{"en":""},"hotspot":["-50%","-50%"]}]},{"text":{"en":"Hello! how is your mood?","ja":"こんにちは！ 気分はどうですか？","ru":"Здравствуйте! как твое настроение?"},"art":[{"position":["14.17%",0,"2.38%",0],"size":["71.57%","98.17%"],"url":{"en":"mad_woman.png","ja":"","ru":""},"fit":"contain"}]},{"text":{"en":"Will you come with me to the wasteland?","ja":"私と一緒に荒れ地に来てくれませんか。","ru":"Пойдешь со мной в пустоши?"},"art":[{"position":["14.17%",0,"2.38%",0],"size":["71.57%","98.17%"],"url":{"en":"mad_woman.png","ja":"","ru":""},"fit":"contain"}],"name":{"en":"Woman"},"choice":[{"go_to":"wasteland","position":[0,"24%",0,"7%"],"size":["120px","45px"],"color":"#c0a183","text":{"en":"Yes","ja":"button","ru":"button"},"art":{"en":{},"ja":{},"ru":{}},"art_size":["",""],"style":"border-radius:16px;"},{"go_to":"tue_go","position":["24%","0","0","7%"],"size":["120px","45px"],"color":"#c0a183","text":{"en":"No","ja":"button","ru":"button"},"art":{"en":{},"ja":{},"ru":{}},"art_size":["",""],"style":"border-radius:16px;"}]},{"text":{"en":"okay, I'll go alone ...","ja":"さて、私は一人で行きます...","ru":""},"art":[{"position":["14.17%",0,"2.38%",0],"size":["71.57%","98.17%"],"url":{"en":"mad_woman.png","ja":"","ru":""},"fit":"contain"}]}]}],"wasteland":[{"background_image":{"en":"cover_2.jpg","ja":{},"ru":{}},"dialogs":[{"text":{"en":"I'm glad you agreed","ja":"","ru":""},"name":{"en":"woman"},"art":[{"position":["14.17%",0,"2.38%",0],"size":["71.57%","98.17%"],"url":{"en":"mad_woman.png","ja":"","ru":""},"fit":"contain"}]}]}]}