{"parameters":{"text_panel":{"size":["95%","25%"],"color":"#efefff","color_text":"#000","indent_text":"8px","indent_bottom":"32px","size_text":"20px","style":"border-radius:16px;","dialog_speed":"10","art":{"en":""},"className":"","position":["0","0","0"],"font_family":"Arial"},"name_panel":{"size":["222px","48px"],"position":["0","0","-48px","0"],"indent_text":"8px","size_text":"18px","color_text":"#000","align":["flex-start","center"],"art":{"en":""},"className":"","font_family":"","color":""},"title":"new novel","launch_story":"block_1","key":{},"languares":["en"],"buttons":[{"name":"tue_back","style":"border-radius:26px;","position":["2.5%","0","0","32px"],"size":["38px","38px"],"color":"","color_text":"#000","size_text":"28px","text":"<","art":{"en":""},"sound":{"en":""},"hotspot":["0%","0%"]},{"name":"tue_next","style":"border-radius:26px;","position":["0","2.5%","0","32px"],"size":["38px","38px"],"color":"","color_text":"#000","size_text":"28px","text":">","art":{"en":""},"sound":{"en":""},"hotspot":["0%","0%"]}],"style_file":"","autosave":true,"font":"Arial","font_size":"18px","variables":{"level":""},"sounds":{},"characters":{},"plugins":[],"icon":"","font_files":{}},"blocks":{"block_1":["134px","114px","block",false]},"block_1":[{"dialogs":[{"choice":[{"go_to":"tue_go","position":["21.36%",0,0,"4.11%"],"size":["136px","37px"],"color":"#a0ffa0","color_text":"#000","text":{"en":"Yes"},"indent_text":"8px","art":{"en":""},"sound":{"en":""},"hotspot":["0%","0%"],"variables":[["level","set",1]]},{"go_to":"tue_go","position":[0,"25.08%",0,"3.91%"],"size":["129px","33px"],"color":"#ffa0a0","color_text":"#000","text":{"en":"No"},"indent_text":"8px","art":{"en":""},"sound":{"en":""},"hotspot":["0%","0%"]}],"text":"Unblock content?"},{"choice":[{"go_to":"tue_go","position":["33.59%",0,"20.93%",0],"size":["219px","153px"],"color":"#efefff","color_text":"#000","text":{"en":""},"indent_text":"8px","art":"one_year.svg","sound":{"en":""},"hotspot":["0%","0%"],"variables":[],"show_if":[true,["level",">",0]]},{"go_to":"block_1","position":["34.06%",0,"26.71%",0],"size":["193px","85px"],"color":"#efefff","color_text":"#000","text":{"en":"Try again?"},"indent_text":"8px","art":{"en":""},"sound":{"en":""},"hotspot":["0%","0%"],"show_if":[true,["level","=",0]]}]}]},{"background_image":"one_year.svg","dialogs":[{"variables":[["level","set",0]],"go_to":"block_1"}],"background_size":"contain"}]}