{"parameters":{"text_panel":{"size":["95%","25%"],"color":"#efefff","indent_text":"8px","indent_bottom":"32px","size_text":"20px","style":"border-radius:16px;","dialog_speed":"10","position":["0","0","0",0]},"name_panel":{"size":["0","48px"],"position":["0","0","-48.00px","0"],"size_text":"18px","indent_text":0},"title":"javascript","launch_story":"block_1","key":{"next":"","back":"","save":"","load":"","full_screen":"","launch_story":"","load_autosave":""},"languares":["en"],"buttons":[{"name":"tue_back","style":"border-radius:26px;","position":["0.88%",0,0,"2.15%"],"size":["52px","52px"],"color":"#cec8e3","size_text":"44px","text":{"en":"<"},"art":{"en":{}}},{"name":"tue_next","style":"border-radius:26px;","position":["1.32%",0,0,"18.17%"],"size":["52px","52px"],"color":"#cec8e3","size_text":"44px","text":{"en":">"},"art":{"en":{}}}],"style_file":"","autosave":false,"font":"Arial","font_size":"18px","variables":{},"sounds":{},"plugins":["script.js"],"icon":"","font_files":{}},"blocks":{"block_1":["184px","142.5px","block",""]},"block_1":[{"background_image":{"en":""},"dialogs":[{"js":"data_time()","choice":[{"go_to":"tue_no","position":["12.42%",0,0,"9.87%"],"size":["185px","55px"],"color":"#efefff","text":{"en":"Delete data element"},"art":{"en":{}},"art_size":["",""],"style":"background-color:#fff;border-radius:8px;","js":"document.getElementById('data_time').remove(); "},{"go_to":"block_1","position":[0,"15.23%",0,"10.16%"],"size":["185px","55px"],"color":"#efefff","text":{"en":"update data"},"art":{"en":{}},"art_size":["",""],"style":"background-color:#fff;border-radius:8px;"}]}],"background_color":"#6fd56d"}]}